{
 "cells": [
  {
   "cell_type": "code",
   "execution_count": 1,
   "metadata": {},
   "outputs": [],
   "source": [
    "import pandas as pd\n",
    "from pandas import Series, DataFrame\n",
    "\n",
    "import numpy as np"
   ]
  },
  {
   "cell_type": "code",
   "execution_count": 2,
   "metadata": {},
   "outputs": [],
   "source": [
    "SUBS_LIST = ['old_nnet_baseline.csv_dd.csv', 'als_64_repeat_15_last.csv']\n",
    "FINAL_SUB_NAME = 'stable_v3_w_als_rec_mth.csv'"
   ]
  },
  {
   "cell_type": "code",
   "execution_count": 3,
   "metadata": {},
   "outputs": [],
   "source": [
    "def _blend_predictions(*preds):\n",
    "    \n",
    "    n = 0\n",
    "    # initial - intersection\n",
    "    inter = set.intersection(*(set(x) for x in preds))\n",
    "    res = [x for x in preds[0] if x in inter]\n",
    "    \n",
    "    for i in range(5):\n",
    "        for arr in preds:\n",
    "            try:\n",
    "                val = arr[i]\n",
    "            except IndexError:\n",
    "                continue\n",
    "            if val not in res and len(res) < 5:\n",
    "                res.append(val)\n",
    "    \n",
    "    return res\n",
    "\n",
    "def blend_predictions(*preds):\n",
    "    \n",
    "    return [_blend_predictions(*x) for x in zip(*preds)]\n",
    "\n",
    "def multiblend(*preds):\n",
    "    \n",
    "    preds = preds[::-1]\n",
    "    blend = preds[0]\n",
    "    \n",
    "    for pr in preds[1:]:\n",
    "        blend = blend_predictions(pr, blend)\n",
    "        \n",
    "    return blend"
   ]
  },
  {
   "cell_type": "code",
   "execution_count": 4,
   "metadata": {},
   "outputs": [],
   "source": [
    "def read_and_prepr(path):\n",
    "    \n",
    "    sub = pd.read_csv(path).sort_values('user_id')\n",
    "    sub['movie_id'] = sub['movie_id'].str.split(' ').map(lambda x: list(map(lambda y: int(y), x)))\n",
    "    \n",
    "    return sub"
   ]
  },
  {
   "cell_type": "code",
   "execution_count": 5,
   "metadata": {},
   "outputs": [],
   "source": [
    "def cut_hist(x, n = 14):\n",
    "    \n",
    "    last_date = x.max()\n",
    "    sl = (x <= last_date) & (x > (last_date - np.timedelta64(n, 'D')))\n",
    "    \n",
    "    return sl\n"
   ]
  },
  {
   "cell_type": "code",
   "execution_count": 6,
   "metadata": {},
   "outputs": [],
   "source": [
    "submissions = [read_and_prepr(x) for x in SUBS_LIST]\n",
    "final_submission = submissions[0].copy()"
   ]
  },
  {
   "cell_type": "code",
   "execution_count": 7,
   "metadata": {},
   "outputs": [
    {
     "data": {
      "text/plain": [
       "[                   user_id                             movie_id\n",
       " 7        29584184913820301   [19070, 16847, 2201, 11019, 18101]\n",
       " 1574     34799051736481083  [12304, 15489, 17239, 11411, 16238]\n",
       " 1357     69093689723640662     [1849, 9764, 1147, 11019, 20249]\n",
       " 543      71363603987199246  [16056, 16591, 15741, 16964, 18586]\n",
       " 757      75208421873357951    [9037, 9278, 13624, 11619, 13461]\n",
       " ...                    ...                                  ...\n",
       " 1159  18403080333191769638    [18943, 16238, 7347, 9556, 13378]\n",
       " 1165  18404354560751472507  [15646, 10403, 18264, 18790, 17239]\n",
       " 952   18411538209698156830    [10584, 16238, 18943, 9556, 7378]\n",
       " 435   18418817688105644452   [15387, 20196, 16699, 16695, 9032]\n",
       " 1635  18432872642329820182   [15714, 17999, 9106, 11011, 18943]\n",
       " \n",
       " [1695 rows x 2 columns],\n",
       "                    user_id                             movie_id\n",
       " 1015     29584184913820301    [19804, 3613, 17639, 19970, 2382]\n",
       " 1065     34799051736481083   [17239, 15489, 17014, 7347, 17756]\n",
       " 1397     69093689723640662    [1849, 9764, 18264, 18531, 15761]\n",
       " 1420     71363603987199246  [15741, 17239, 15553, 18311, 16699]\n",
       " 1466     75208421873357951   [15541, 13654, 11600, 13461, 9278]\n",
       " ...                    ...                                  ...\n",
       " 901   18403080333191769638     [18078, 7183, 7378, 8396, 18153]\n",
       " 902   18404354560751472507    [6128, 13838, 7954, 17239, 15163]\n",
       " 903   18411538209698156830   [18078, 8893, 20238, 17239, 18531]\n",
       " 904   18418817688105644452   [16699, 9032, 17014, 15541, 14880]\n",
       " 905   18432872642329820182   [9106, 17002, 18194, 19190, 13838]\n",
       " \n",
       " [1695 rows x 2 columns]]"
      ]
     },
     "execution_count": 7,
     "metadata": {},
     "output_type": "execute_result"
    }
   ],
   "source": [
    "submissions"
   ]
  },
  {
   "cell_type": "code",
   "execution_count": 8,
   "metadata": {},
   "outputs": [],
   "source": [
    "# create baseline and movies count\n",
    "data = pd.read_csv('movies/movies_dataset_10 months.csv')\n",
    "data['ts'] = data['ts'].astype(np.datetime64)\n",
    "data = data.sort_values('ts')\n",
    "\n",
    "# last baseline\n",
    "last = data[data['ts'] >= np.datetime64('2020-07-01')].drop_duplicates(\n",
    "    'user_id', keep='last').set_index('user_id')['movie_id']\n",
    "\n",
    "baseline_last = final_submission['user_id'].map(\n",
    "    last).map(lambda x: [] if np.isnan(x) else [int(x)]).tolist()\n"
   ]
  },
  {
   "cell_type": "code",
   "execution_count": 9,
   "metadata": {},
   "outputs": [
    {
     "data": {
      "text/plain": [
       "user_id\n",
       "6058028515446737355      8361\n",
       "6138642666627289055      3880\n",
       "16609700130155898896    10556\n",
       "14207407634702586543    18883\n",
       "5400002657858874774     10510\n",
       "                        ...  \n",
       "165634544827320948      11275\n",
       "16733346299848810533    20249\n",
       "17225429026700963251    16469\n",
       "3362287430355034673     17756\n",
       "5670308344059159405     18943\n",
       "Name: movie_id, Length: 1582, dtype: int64"
      ]
     },
     "execution_count": 9,
     "metadata": {},
     "output_type": "execute_result"
    }
   ],
   "source": [
    "last"
   ]
  },
  {
   "cell_type": "code",
   "execution_count": 10,
   "metadata": {},
   "outputs": [],
   "source": [
    "# baseline_last"
   ]
  },
  {
   "cell_type": "code",
   "execution_count": 11,
   "metadata": {},
   "outputs": [],
   "source": [
    "# \n",
    "predictions = multiblend(baseline_last, *[x['movie_id'].tolist() for x in submissions])"
   ]
  },
  {
   "cell_type": "code",
   "execution_count": 13,
   "metadata": {},
   "outputs": [
    {
     "data": {
      "text/plain": [
       "True"
      ]
     },
     "execution_count": 13,
     "metadata": {},
     "output_type": "execute_result"
    }
   ],
   "source": [
    "all(map(lambda x: len(x) == 5, predictions))"
   ]
  },
  {
   "cell_type": "code",
   "execution_count": 14,
   "metadata": {},
   "outputs": [],
   "source": [
    "final_submission['movie_id'] = [' '.join(map(str, x)) for x in predictions]"
   ]
  },
  {
   "cell_type": "code",
   "execution_count": 15,
   "metadata": {},
   "outputs": [
    {
     "data": {
      "text/html": [
       "<div>\n",
       "<style scoped>\n",
       "    .dataframe tbody tr th:only-of-type {\n",
       "        vertical-align: middle;\n",
       "    }\n",
       "\n",
       "    .dataframe tbody tr th {\n",
       "        vertical-align: top;\n",
       "    }\n",
       "\n",
       "    .dataframe thead th {\n",
       "        text-align: right;\n",
       "    }\n",
       "</style>\n",
       "<table border=\"1\" class=\"dataframe\">\n",
       "  <thead>\n",
       "    <tr style=\"text-align: right;\">\n",
       "      <th></th>\n",
       "      <th>user_id</th>\n",
       "      <th>movie_id</th>\n",
       "    </tr>\n",
       "  </thead>\n",
       "  <tbody>\n",
       "    <tr>\n",
       "      <th>7</th>\n",
       "      <td>29584184913820301</td>\n",
       "      <td>19070 19804 16847 3613 2201</td>\n",
       "    </tr>\n",
       "    <tr>\n",
       "      <th>1574</th>\n",
       "      <td>34799051736481083</td>\n",
       "      <td>15489 17239 12304 17014 11411</td>\n",
       "    </tr>\n",
       "    <tr>\n",
       "      <th>1357</th>\n",
       "      <td>69093689723640662</td>\n",
       "      <td>1849 9764 1147 18264 11019</td>\n",
       "    </tr>\n",
       "    <tr>\n",
       "      <th>543</th>\n",
       "      <td>71363603987199246</td>\n",
       "      <td>15741 16056 16591 17239 15553</td>\n",
       "    </tr>\n",
       "    <tr>\n",
       "      <th>757</th>\n",
       "      <td>75208421873357951</td>\n",
       "      <td>9278 13461 9037 15541 13654</td>\n",
       "    </tr>\n",
       "    <tr>\n",
       "      <th>...</th>\n",
       "      <td>...</td>\n",
       "      <td>...</td>\n",
       "    </tr>\n",
       "    <tr>\n",
       "      <th>1159</th>\n",
       "      <td>18403080333191769638</td>\n",
       "      <td>18943 18078 16238 7183 7347</td>\n",
       "    </tr>\n",
       "    <tr>\n",
       "      <th>1165</th>\n",
       "      <td>18404354560751472507</td>\n",
       "      <td>17239 15646 6128 10403 13838</td>\n",
       "    </tr>\n",
       "    <tr>\n",
       "      <th>952</th>\n",
       "      <td>18411538209698156830</td>\n",
       "      <td>10584 18078 16238 8893 18943</td>\n",
       "    </tr>\n",
       "    <tr>\n",
       "      <th>435</th>\n",
       "      <td>18418817688105644452</td>\n",
       "      <td>16699 9032 15387 20196 17014</td>\n",
       "    </tr>\n",
       "    <tr>\n",
       "      <th>1635</th>\n",
       "      <td>18432872642329820182</td>\n",
       "      <td>9106 15714 17999 17002 18194</td>\n",
       "    </tr>\n",
       "  </tbody>\n",
       "</table>\n",
       "<p>1695 rows × 2 columns</p>\n",
       "</div>"
      ],
      "text/plain": [
       "                   user_id                       movie_id\n",
       "7        29584184913820301    19070 19804 16847 3613 2201\n",
       "1574     34799051736481083  15489 17239 12304 17014 11411\n",
       "1357     69093689723640662     1849 9764 1147 18264 11019\n",
       "543      71363603987199246  15741 16056 16591 17239 15553\n",
       "757      75208421873357951    9278 13461 9037 15541 13654\n",
       "...                    ...                            ...\n",
       "1159  18403080333191769638    18943 18078 16238 7183 7347\n",
       "1165  18404354560751472507   17239 15646 6128 10403 13838\n",
       "952   18411538209698156830   10584 18078 16238 8893 18943\n",
       "435   18418817688105644452   16699 9032 15387 20196 17014\n",
       "1635  18432872642329820182   9106 15714 17999 17002 18194\n",
       "\n",
       "[1695 rows x 2 columns]"
      ]
     },
     "execution_count": 15,
     "metadata": {},
     "output_type": "execute_result"
    }
   ],
   "source": [
    "final_submission"
   ]
  },
  {
   "cell_type": "code",
   "execution_count": 16,
   "metadata": {},
   "outputs": [],
   "source": [
    "final_submission.to_csv(FINAL_SUB_NAME, index=False)"
   ]
  }
 ],
 "metadata": {
  "kernelspec": {
   "display_name": "Python 3",
   "language": "python",
   "name": "python3"
  },
  "language_info": {
   "codemirror_mode": {
    "name": "ipython",
    "version": 3
   },
   "file_extension": ".py",
   "mimetype": "text/x-python",
   "name": "python",
   "nbconvert_exporter": "python",
   "pygments_lexer": "ipython3",
   "version": "3.6.9"
  }
 },
 "nbformat": 4,
 "nbformat_minor": 2
}
